{
  "title": "高崎机场西里厂房",
  "picAry": [
    "https://ss0.bdstatic.com/5aV1bjqh_Q23odCf/static/superman/img/logo/bd_logo1_31bdc765.png",
    "https://ss0.bdstatic.com/5aV1bjqh_Q23odCf/static/superman/img/logo/bd_logo1_31bdc765.png",
    "https://ss0.bdstatic.com/5aV1bjqh_Q23odCf/static/superman/img/logo/bd_logo1_31bdc765.png",
    "https://ss0.bdstatic.com/5aV1bjqh_Q23odCf/static/superman/img/logo/bd_logo1_31bdc765.png"
  ],
  "pricename":"60",
  "areaprice":"1000",
  "typename":"厂房仓库重地",
  "checkin":"随时入住",
  "floor":"10楼",
  "tenancy":"一年",
  "areaname":"湖里区",
  "payway":"季付",
  "publishtime":"2017-10-10",
  "showtypeAry":["随时看房","押一付三","预约看房"],
  "source":"房东",
  "address":"高崎街道632号附近",
  "rentway":"第二年开始逐年递增一块",
  "ageround":"1至3年,3至5年",
  "power":"三相",
  "carwidth":"15米",
  "structure":"一般钢筋结构",
  "orientation":"坐北朝南",
  "affect":"不扰民",
  "awaywater":"--",
  "drain":"--",
  "powercharge":"一元/度",
  "watercharge":"五元/吨",
  "redchart":"有",
  "propertyright":"有",
  "firecontrol":"有",
  "transportation":"四车道",
  "qs":"--",
  "desc":"距离高崎机场近,不扰民",
  "owntel":"1888888888",
  "ownname":"沈先生",
  "platformname":"400639879",
  "posaddress":"湖里区高崎新村星光大陆内",
  "longitude":"118.06",
  "latitude":"24.27",
  "nearlist":[
    {
        "listid":"7",
        "pic":"https://timgsa.baidu.com/timg?image&quality=80&size=b9999_10000&sec=1509031380244&di=612c1d96ca99b76a4a3e3fc433d48c80&imgtype=0&src=http%3A%2F%2Fimgsrc.baidu.com%2Fimgad%2Fpic%2Fitem%2F3812b31bb051f8193b46726cd0b44aed2e73e7b1.jpg",
        "title":"高崎机场西",
        "pricename":"60",
        "typename":"厂房",
        "typeid":"1"
      },
      {
        "listid":"18",
        "pic":"https://timgsa.baidu.com/timg?image&quality=80&size=b9999_10000&sec=1509031380244&di=612c1d96ca99b76a4a3e3fc433d48c80&imgtype=0&src=http%3A%2F%2Fimgsrc.baidu.com%2Fimgad%2Fpic%2Fitem%2F3812b31bb051f8193b46726cd0b44aed2e73e7b1.jpg",
        "title":"高崎机场西房",
        "pricename":"60",
        "typename":"厂房",
        "typeid":"1"
      },
      {
        "listid":"19",
        "pic":"https://timgsa.baidu.com/timg?image&quality=80&size=b9999_10000&sec=1509031380244&di=612c1d96ca99b76a4a3e3fc433d48c80&imgtype=0&src=http%3A%2F%2Fimgsrc.baidu.com%2Fimgad%2Fpic%2Fitem%2F3812b31bb051f8193b46726cd0b44aed2e73e7b1.jpg",
        "title":"高崎机场西厂",
        "pricename":"60",
        "typename":"厂房",
        "typeid":"1"
      },
      {
        "listid":"20",
        "pic":"https://timgsa.baidu.com/timg?image&quality=80&size=b9999_10000&sec=1509031380244&di=612c1d96ca99b76a4a3e3fc433d48c80&imgtype=0&src=http%3A%2F%2Fimgsrc.baidu.com%2Fimgad%2Fpic%2Fitem%2F3812b31bb051f8193b46726cd0b44aed2e73e7b1.jpg",
        "title":"高崎机场西厂",
        "pricename":"60",
        "typename":"厂房",
        "typeid":"1"
      }
  ]
}