{
  "title":{ "id": "title","title": "房源名称","needs":true, "placeholder":"请输入房源名称" },
  "ownname":{ "id": "ownname","title": "姓名","needs":true, "placeholder":"请输入您的姓名" },
  "owntel":{ "id": "owntel","title": "电话","needs":true, "placeholder":"请输入您的电话" },
  "region":{ "id": "region","title": "区域","needs":true, "selectIndex":-1, "select":true, "list": ["思明区", "杏林区", "集美区", "海沧区", "湖里区", "同安区", "其他"] },
  "address":{ "id": "address","title": "地址","needs":true, "placeholder":"请输入导航地址"},
  "areaname":{ "id": "areaname","title": "面积 (㎡)","needs":true,  "placeholder":"请输入面积" },
  "pricename":{ "id": "pricename", "title": "价格 (元/㎡)","needs":true, "placeholder":"请输入价格"  },
  "totalprice":{ "id": "totalprice", "title": "总价格 (元)", "placeholder":"请输入总价格"  },
  "rentway":{ "id": "rentway","title": "租金递增","needs":true, "placeholder":"请输入规则" },
  "showtype_ary":{ "id": "showtypeAry", "keyVal":"showtypename", "title": "房屋特点","needs":true, "select":true,"arrSelectIndex":[], "list": ["随时看房", "预约看房", "周末看房", "押一付一", "押一付三", "半年一交", "一年一交", "一次性交"] },
  "ageround":{ "id": "ageround", "title": "出租年限(年)","needs":true, "udefine":true, "selectIndex":-1, "list": ["1年以内", "1-3年","3-5年","5-10年","10-20年","20年以上"]},
  "tenancy":{ "id": "tenancy","title": "租期", "selectIndex":-1,  "list": ["一个月","三个月","半年","一年","两年","三年以上"] },
  "checkin":{ "id": "checkin","title": "装修期", "selectIndex":-1,  "list": ["随时入住","一周内","一月内","三月内","半年内"] },
  "letway":{ "id": "letway","title": "出租方式", "selectIndex":-1,  "list": ["短租","半年以上","一年以上","长租"] },
  "completetime":{ "id": "completetime","needs":true,"title": "竣工时间", "selectIndex":-1,  "list": ["已竣工","一个月内","三个月内","半年内","一年"] },
  "payway":{ "id": "payway","title": "付款方式", "needs":true,"selectIndex":-1,  "list": ["押一付一","押一付三","押二付三","半年一交","一年一交","一次性交齐"] },
  "nearpark":{ "id": "nearpark","title": "附近停车场", "selectIndex":-1,  "list": ["50米内有","100米内有","200米内有"] },
  "carportnum":{ "id": "carportnum","title": "车位个数", "selectIndex":-1,  "list": ["1个","2个","3个","4个","5个","5个以上"]  },
  "carportarea":{ "id": "carportarea","title": "车位面积(㎡)", "placeholder":"请输入车位面积"  },
  "register":{ "id": "register","title": "能否注册公司", "selectIndex":-1,  "list": ["可以注册", "无法注册"] },
  "place":{ "id": "place","title": "店面位置", "selectIndex":-1,  "list": ["小区","社区","沿街","商场","其他"] },
  "hourseage":{ "id": "hourseage","needs":true,"title": "年代", "selectIndex":-1,  "list": ["现代","00年代","九十年代","八十年代","七十年代","六十年代","五十年代"] },
  "type":{ "id": "type","title": "类型","needs":true, "selectIndex":-1,  "list":["小区", "民房","公寓"] },
  "balcony":{ "id": "balcony","title": "是否有阳台","needs":true,  "selectIndex":-1,  "list": ["有","无"] },
  "nearby":{ "id": "nearbyAry","title": "附近", "keyVal":"nearbyname", "arrSelectIndex":[],"select":true,  "list": ["交通","商城","公园","医院","学校","地铁"] },
  "lighting":{ "id": "lighting","title": "采光", "selectIndex":-1,  "list": ["一般","良好","很好"] },
  "monitoring":{ "id": "monitoring","title": "保安监控", "selectIndex":-1,  "list": ["有","无"] },
  "parknum":{ "id": "parknum","title": "停车位", "selectIndex":-1,  "list": ["有","无"] },
  "noise":{ "id": "noise","title": "噪音", "selectIndex":-1,  "list": ["有","无"] },
  "elevator":{ "id": "elevator","title": "电梯", "selectIndex":-1,  "list": ["有","无"] },
  "furniture":{ "id": "furniture","title": "家具", "selectIndex":-1,  "list":["有","无"] },
  "stylelevel":{ "id": "stylelevel","title": "装修", "selectIndex":-1, "list": ["有","无"]},
  "floorheight":{ "id": "floor","needs":true, "title": "楼层(高度/米)",  "placeholder":"请输入高度"},
  "structure":{ "id": "structure","title": "结构", "selectIndex":-1,  "list": ["钢筋混凝土", "工字钢结构", "一般钢结构", "混合结构", "其他"] },
  "transportation":{ "id": "transportation","title": "交通", "selectIndex":-1,  "list":["单车道", "双车道", "四车道", "六车道", "八车道"] },
  "carwidth":{ "id": "carwidth","title": "车辆进出长度", "selectIndex":-1,  "list": ["3.6M", "3.8M", "4.2M", "4.8M", "5.2M", "5.6M", "5.8M", "6.2M", "6.8M", "7.6M",  "7.8M", "8.4M", "8.6M", "9.4M", "9.6M", "13M", "15M", "17M", "21M"] },
  "source":{ "id": "source","title": "厂房来源", "selectIndex":-1,  "list":["房东", "物业", "平台", "转让"] },
  "orientation":{ "id": "orientation","title": "朝向", "selectIndex":-1, "needs":true,  "list": ["朝东", "朝西", "朝南", "朝北", "西南", "东南", "东北", "西北", "南北"] },
  "affect":{ "id": "affect","title": "扰民程度", "selectIndex":-1,  "list": ["允许扰民","轻度扰民","中度扰民","严重扰民"] },
  "awaywater":{ "id": "awaywater","title": "排水量", "selectIndex":-1,  "list": ["小量","中量","大量"] },
  "drain":{ "id": "drain","title": "排污量", "selectIndex":-1,  "list": ["小量","中量","大量"] },
  "qs":{ "id": "qs","title": "QS认证", "selectIndex":-1,  "list": ["有","无"] },
  "powercharge":{ "id": "powercharge","title": "电费(元/度)", "needs":true, "placeholder":"请输入电费" },
  "watercharge":{ "id": "watercharge","title": "水费(元/度)","needs":true,  "placeholder":"请输入水费" },
  "propertyright":{ "id": "propertyright","title": "产权","selectIndex":-1,  "list": ["有", "无"] },
  "firecontrol":{ "id": "firecontrol","title": "消防措施","selectIndex":-1,  "list": ["有", "无"] },
  "redchart":{ "id": "redchart","title": "红线图","selectIndex":-1,  "list": ["有", "无"] },
  "power":{ "id": "power","title": "供电","selectIndex":-1,  "list": ["两相", "三相"] },
  "powersupply":{ "id": "powersupply","title": "供电率(千瓦)","placeholder":"请输入供电率" },
  "floor":{ "id": "floor","selectIndex":-1, "title": "楼层", "list": ["1层","2层","3层","4层","5层","6层","7层","8层","9层","10层以上"] }
}