{
	"data":[{
	"listid":"1",
	"pic":"https://timgsa.baidu.com/timg?image&quality=80&size=b9999_10000&sec=1509031380244&di=612c1d96ca99b76a4a3e3fc433d48c80&imgtype=0&src=http%3A%2F%2Fimgsrc.baidu.com%2Fimgad%2Fpic%2Fitem%2F3812b31bb051f8193b46726cd0b44aed2e73e7b1.jpg",
	"title":"高崎机场西厂立方里房",
	"pricename":"60",
  "typename":"住宅",
  "typeid":"1",
  "hot":"60"
},{
	"listid":"2",
	"pic":"https://ss0.bdstatic.com/5aV1bjqh_Q23odCf/static/superman/img/logo/bd_logo1_31bdc765.png",
	"title":"高崎机场西厂立方里房",
	"pricename":"60",
  "typename":"厂房",
  "typeid":"2",
  "hot":"60"
},{
	"listid":"3",
	"pic":"https://ss0.bdstatic.com/5aV1bjqh_Q23odCf/static/superman/img/logo/bd_logo1_31bdc765.png",
	"title":"高崎机场西厂立方里房",
	"pricename":"60",
  "typename":"厂房",
  "typeid":"3",
  "hot":"60"
},{
	"listid":"4",
	"pic":"https://ss0.bdstatic.com/5aV1bjqh_Q23odCf/static/superman/img/logo/bd_logo1_31bdc765.png",
	"title":"高崎机场西厂立方里房",
	"pricename":"60",
  "typename":"厂房",
  "typeid":"4",
  "hot":"60"
},{
	"listid":"5",
	"pic":"https://ss0.bdstatic.com/5aV1bjqh_Q23odCf/static/superman/img/logo/bd_logo1_31bdc765.png",
	"title":"高崎机场西厂立方里房",
	"pricename":"60",
  "typename":"厂房",
  "typeid":"5",
  "hot":"60"
},{
	"listid":"6",
	"pic":"https://ss0.bdstatic.com/5aV1bjqh_Q23odCf/static/superman/img/logo/bd_logo1_31bdc765.png",
	"title":"高崎机场西厂立方里房",
	"pricename":"60",
  "typename":"厂房",
  "typeid":"6",
  "hot":"60"
},{
	"listid":"7",
	"pic":"https://ss0.bdstatic.com/5aV1bjqh_Q23odCf/static/superman/img/logo/bd_logo1_31bdc765.png",
	"title":"高崎机场西厂立方里房",
	"pricename":"60",
  "typename":"厂房",
  "typeid":"7",
  "hot":"60"
},{
	"listid":"8",
	"pic":"https://ss0.bdstatic.com/5aV1bjqh_Q23odCf/static/superman/img/logo/bd_logo1_31bdc765.png",
	"title":"高崎机场西厂立方里房",
	"pricename":"60",
  "typename":"厂房",
  "typeid":"8",
  "hot":"60"
},{
	"listid":"9",
	"pic":"https://ss0.bdstatic.com/5aV1bjqh_Q23odCf/static/superman/img/logo/bd_logo1_31bdc765.png",
	"title":"高崎机场西厂立方里房",
	"pricename":"60",
  "typename":"厂房",
  "typeid":"9",
  "hot":"60"
},{
	"listid":"10",
	"pic":"https://ss0.bdstatic.com/5aV1bjqh_Q23odCf/static/superman/img/logo/bd_logo1_31bdc765.png",
	"title":"高崎机场西厂立方里房",
	"pricename":"60",
  "typename":"厂房",
  "typeid":"10",
  "hot":"60"
},{
	"listid":"11",
	"pic":"https://ss0.bdstatic.com/5aV1bjqh_Q23odCf/static/superman/img/logo/bd_logo1_31bdc765.png",
	"title":"高崎机场西厂立方里房",
	"pricename":"60",
  "typename":"厂房",
  "typeid":"11",
  "hot":"60"
}]}