{
  "title": "title",
  "picAry": [
    "https://ss0.bdstatic.com/5aV1bjqh_Q23odCf/static/superman/img/logo/bd_logo1_31bdc765.png",
    "https://ss0.bdstatic.com/5aV1bjqh_Q23odCf/static/superman/img/logo/bd_logo1_31bdc765.png",
    "https://ss0.bdstatic.com/5aV1bjqh_Q23odCf/static/superman/img/logo/bd_logo1_31bdc765.png",
    "https://ss0.bdstatic.com/5aV1bjqh_Q23odCf/static/superman/img/logo/bd_logo1_31bdc765.png"
  ],
  "pricename":"60",
  "areaprice":"1000",
  "typename":"厂房仓库重地",
  "checkin":"随时入住",
  "floor":"10楼",
  "tenancy":"一年",
  "areaname":"湖里区",
  "payway":"季付",
  "publishtime":"2017-10-10",
  "showtypeAry":["随时看房","押一付三","预约看房"],
  "source":"房东",
  "address":"高崎街道632号附近",
  "rentway":"第二年开始逐年递增一块",
  "ageround":"1至3年,3至5年",
  "power":"三相",
  "structure":"一般钢筋结构",
  "carportnum":"车位个数",
  "nearpark":"附近停车场",
  "redchart":"红线图",
  "propertyright":"产权",
  "firecontrol":"有",
  "transportation":"四车道",
  "qs":"--",
  "desc":"距离高崎机场近,不扰民",
  "owntel":"1888888888",
  "ownname":"沈先生",
  "platformname":"400639879",
  "posaddress":"湖里区高崎新村星光大陆内",
  "longitude":"118.06",
  "latitude":"24.27",
  "nearlist":[
    {
        "listid":"1",
        "pic":"https://ss0.bdstatic.com/5aV1bjqh_Q23odCf/static/superman/img/logo/bd_logo1_31bdc765.png",
        "title":"高崎机场西厂立方里房",
        "pricename":"60",
        "typename":"厂房",
        "typeid":"1"
      },
      {
        "listid":"1",
        "pic":"https://ss0.bdstatic.com/5aV1bjqh_Q23odCf/static/superman/img/logo/bd_logo1_31bdc765.png",
        "title":"高崎机场西厂立方里房",
        "pricename":"60",
        "typename":"厂房",
        "typeid":"1"
      },
      {
        "listid":"1",
        "pic":"https://ss0.bdstatic.com/5aV1bjqh_Q23odCf/static/superman/img/logo/bd_logo1_31bdc765.png",
        "title":"高崎机场西厂立方里房",
        "pricename":"60",
        "typename":"厂房",
        "typeid":"1"
      },
      {
        "listid":"1",
        "pic":"https://ss0.bdstatic.com/5aV1bjqh_Q23odCf/static/superman/img/logo/bd_logo1_31bdc765.png",
        "title":"高崎机场西厂立方里房",
        "pricename":"60",
        "typename":"厂房",
        "typeid":"1"
      }
  ]
}