{
	"data":[{
	"listid":"1",
	"pic":"https://ss0.bdstatic.com/5aV1bjqh_Q23odCf/static/superman/img/logo/bd_logo1_31bdc765.png",
	"title":"高崎机场西厂立方里房",
	"pricename":"60",
  "typename":"厂房",
  "typeid":"1",
  "hot":"60"
},{
	"listid":"2",
	"pic":"https://ss0.bdstatic.com/5aV1bjqh_Q23odCf/static/superman/img/logo/bd_logo1_31bdc765.png",
	"title":"高崎机场西厂立方里房",
	"pricename":"60",
  "typename":"厂房",
  "typeid":"2",
  "hot":"60"
},{
	"listid":"3",
	"pic":"https://ss0.bdstatic.com/5aV1bjqh_Q23odCf/static/superman/img/logo/bd_logo1_31bdc765.png",
	"title":"高崎机场西厂立方里房",
	"pricename":"60",
  "typename":"厂房",
  "typeid":"3",
  "hot":"60"
},{
	"listid":"4",
	"pic":"https://ss0.bdstatic.com/5aV1bjqh_Q23odCf/static/superman/img/logo/bd_logo1_31bdc765.png",
	"title":"高崎机场西厂立方里房",
	"pricename":"60",
  "typename":"厂房",
  "typeid":"4",
  "hot":"60"
},{
	"listid":"5",
	"pic":"https://ss0.bdstatic.com/5aV1bjqh_Q23odCf/static/superman/img/logo/bd_logo1_31bdc765.png",
	"title":"高崎机场西厂立方里房",
	"pricename":"60",
  "typename":"厂房",
  "typeid":"5",
  "hot":"60"
},{
	"listid":"1",
	"pic":"https://ss0.bdstatic.com/5aV1bjqh_Q23odCf/static/superman/img/logo/bd_logo1_31bdc765.png",
	"title":"高崎机场西厂立方里房",
	"pricename":"60",
  "typename":"厂房",
  "typeid":"6",
  "hot":"60"
},{
	"listid":"1",
	"pic":"https://ss0.bdstatic.com/5aV1bjqh_Q23odCf/static/superman/img/logo/bd_logo1_31bdc765.png",
	"title":"高崎机场西厂立方里房",
	"pricename":"60",
  "typename":"厂房",
  "typeid":"7",
  "hot":"60"
},{
	"listid":"1",
	"pic":"https://ss0.bdstatic.com/5aV1bjqh_Q23odCf/static/superman/img/logo/bd_logo1_31bdc765.png",
	"title":"高崎机场西厂立方里房",
	"pricename":"60",
  "typename":"厂房",
  "typeid":"8",
  "hot":"60"
},{
	"listid":"1",
	"pic":"https://ss0.bdstatic.com/5aV1bjqh_Q23odCf/static/superman/img/logo/bd_logo1_31bdc765.png",
	"title":"高崎机场西厂立方里房",
	"pricename":"60",
  "typename":"厂房",
  "typeid":"9",
  "hot":"60"
},{
	"listid":"1",
	"pic":"https://ss0.bdstatic.com/5aV1bjqh_Q23odCf/static/superman/img/logo/bd_logo1_31bdc765.png",
	"title":"高崎机场西厂立方里房",
	"pricename":"60",
  "typename":"厂房",
  "typeid":"10",
  "hot":"60"
},{
	"listid":"1",
	"pic":"https://ss0.bdstatic.com/5aV1bjqh_Q23odCf/static/superman/img/logo/bd_logo1_31bdc765.png",
	"title":"高崎机场西厂立方里房",
	"pricename":"60",
  "typename":"厂房",
  "typeid":"11",
  "hot":"60"
}]}