{
  "title": "title",
  "picAry": [
    "https://ss0.bdstatic.com/5aV1bjqh_Q23odCf/static/superman/img/logo/bd_logo1_31bdc765.png",
    "https://ss0.bdstatic.com/5aV1bjqh_Q23odCf/static/superman/img/logo/bd_logo1_31bdc765.png",
    "https://ss0.bdstatic.com/5aV1bjqh_Q23odCf/static/superman/img/logo/bd_logo1_31bdc765.png",
    "https://ss0.bdstatic.com/5aV1bjqh_Q23odCf/static/superman/img/logo/bd_logo1_31bdc765.png"
  ],
  "pricename":"60",
  "areaprice":"1000",
  "typename":"厂房仓库重地",
  "checkin":"随时入住",
  "floor":"10楼",
  "tenancy":"一年",
  "areaname":"湖里区",
  "payway":"季付",
  "publishtime":"2017-10-10",
  "showtypeAry":["随时看房","押一付三","预约看房"],
  "source":"房东",
  "address":"高崎街道632号附近",
  "completetime":"竣工时间",
  "rentway":"第二年开始逐年递增一块",
  "ageround":"1至3年,3至5年",
  "hourseage":"年代",
  "orientation":"坐北朝南",
  "propertycharge":"物业费",
  "type":"小区",
  "balcony":"阳台",
  "powercharge":"一元/度",
  "watercharge":"五元/吨",
  "developers":"开发商",
  "propertycompany":"物业公司",
  "sharedarea":"公摊比例",
  "households":"总户数",
  "plotratio":"容积率",
  "brandmessage":"品牌形象",
  "style":"装修风格",
  "furniture":"家具",
  "stylelevel":"装修程度",
  "nearby":"附近",
  "lighting":"采光",
  "monitoring":"保安监控",
  "parknum":"停车位",
  "noise":"噪音",
  "haslift":"电梯",
  "owntel":"1888888888",
  "ownname":"沈先生",
  "platformname":"400639879",
  "posaddress":"湖里区高崎新村星光大陆内",
  "longitude":"118.06",
  "latitude":"24.27",
  "nearlist":[
    {
        "listid":"1",
        "pic":"https://ss0.bdstatic.com/5aV1bjqh_Q23odCf/static/superman/img/logo/bd_logo1_31bdc765.png",
        "title":"高崎机场西厂立方里房",
        "pricename":"60",
        "typename":"厂房",
        "typeid":"1"
      },
      {
        "listid":"1",
        "pic":"https://ss0.bdstatic.com/5aV1bjqh_Q23odCf/static/superman/img/logo/bd_logo1_31bdc765.png",
        "title":"高崎机场西厂立方里房",
        "pricename":"60",
        "typename":"厂房",
        "typeid":"1"
      },
      {
        "listid":"1",
        "pic":"https://ss0.bdstatic.com/5aV1bjqh_Q23odCf/static/superman/img/logo/bd_logo1_31bdc765.png",
        "title":"高崎机场西厂立方里房",
        "pricename":"60",
        "typename":"厂房",
        "typeid":"1"
      },
      {
        "listid":"1",
        "pic":"https://ss0.bdstatic.com/5aV1bjqh_Q23odCf/static/superman/img/logo/bd_logo1_31bdc765.png",
        "title":"高崎机场西厂立方里房",
        "pricename":"60",
        "typename":"厂房",
        "typeid":"1"
      }
  ]
}